IDCustomer,Customer_Name,Email,Phone
10001,Kallie Blackwood,kallie.blackwood@abc.com,4159170276
10002,Johnetta Abdallah,johnetta_abdallah@abc.com,9196014934
10003,Bobbye Rhym,brhym@abc.com,6505905578
10004,Micaela Rhymes,micaela_rhymes@abc.com,9251192329
10005,Tamar Hoogland,tamar@abc.com,7401061857
10006,Moon Parlato,moon@abc.com,5859253831
10007,Laurel Reitler,laurel_reitler@abc.com,4108683483
10008,Delisa Crupi,delisa.crupi@abc.com,9737571204
10009,Viva Toelkes,viva.toelkes@abc.com,7736528556
10010,Elza Lipke,elza@abc.com,9733365344
10011,Devorah Chickering,devorah@abc.com,5056458855
10012,Timothy Mulqueen,timothy_mulqueen@abc.org,7186066652
10013,Arlette Honeywell,ahoneywell@abc.com,9047469448
10014,Dominque Dickerson,dominque.dickerson@abc.org,5103067375
10015,Lettie Isenhower,lettie_isenhower@abc.com,2167709766
10016,Myra Munns,mmunns@abc.net,8174448751
10017,Stephaine Barfield,stephaine@abc.com,3108962764
10018,Lai Gato,lai.gato@abc.org,8479778728
10019,Stephen Emigh,stephen_emigh@abc.com,3305530535
10020,Tyra Shields,tshields@abc.com,2153025164
10021,Tammara Wardrip,twardrip@abc.net,6505352193
10022,Cory Gibes,cory.gibes@abc.com,6268825109
10023,Danica Bruschke,danica_bruschke@abc.com,2548757856
10024,Wilda Giguere,wilda@abc.net,9076724553
10025,Elvera Benimadho,elvera.benimadho@abc.net,4088708850
10026,Carma Vanheusen,carma@abc.net,5106621716
10027,Malinda Hochard,malinda.hochard@abc.com,3177685506
10028,Natalie Fern,natalie.fern@abc.com,3078620871
10029,Lisha Centini,lisha@abc.org,7035377393
10030,Arlene Klusman,arlene_klusman@abc.com,5043316584
10031,Alease Buemi,alease@abc.com,3034327494
10032,Louisa Cronauer,louisa@abc.com,5106921704
10033,Angella Cetta,angella.cetta@abc.com,8084650794
10034,Cyndy Goldammer,cgoldammer@abc.net,9527376940
10035,Rosio Cork,rosio.cork@abc.com,3363288565
10036,Celeste Korando,ckorando@abc.com,5167712234
10037,Twana Felger,twana.felger@abc.org,5037481315
10038,Estrella Samu,estrella@abc.com,6086058719
10039,Donte Kines,dkines@abc.com,5086044857
10040,Tiffiny Steffensmeier,tiffiny_steffensmeier@abc.net,3059857969
10041,Edna Miceli,emiceli@abc.org,8148087265
10042,Sue Kownacki,sue@abc.com,9727745341
10043,Jesusa Shin,jshin@abc.com,9315838870
10044,Rolland Francescon,rolland@abc.net,9735816292
10045,Pamella Schmierer,pamella.schmierer@abc.org,3055164897
10046,Glory Kulzer,gkulzer@abc.org,4108235946
10047,Shawna Palaspas,shawna_palaspas@abc.org,8051098356
10048,Brandon Callaro,brandon_callaro@abc.com,8088254683
10049,Scarlet Cartan,scarlet.cartan@abc.com,2292374337
10050,Oretha Menter,oretha_menter@abc.com,6172307504
